{
  "corridor": [ 6727, 6735, 6732, 6733, 6779, 6778, 6775, 6774, 6773, 13688, 13685, 13682, 13681, 13680, 7057, 7060, 7068, 7067, 7065, 7066, 7084, 7093, 7092, 7364, 7363, 7362, 7348, 7349, 7354, 7353, 7270, 7277, 7275, 7274, 7279, 7280, 7281, 7312, 7308, 7307, 7306, 7305, 13630, 7458, 7455, 13080, 13627, 13628, 3357 ],
  "currentTri": 13229,
  "nextCorner": { "x": 1360.7798729070983, "y": 1260.2072637456004 },
  "nextCornerTri": 13244,
  "nextCorner2": { "x": 1361.3871643762159, "y": 1246.2000737712635 },
  "nextCorner2Tri": 13347,
  "numValidCorners": 2,
  "preEscapeCorner": { "x": 0, "y": 0 },
  "preEscapeCornerTri": -1,
  "lastValidPosition": { "x": 1352.7183480706024, "y": 1294.7695250339177 },
  "lastVisiblePointForNextCorner": { "x": 1351.3780636998038, "y": 1303.073671905383 },
  "lastValidTri": 13229,
  "alienPoly": -1,
  "endTarget": { "x": 1354.85009765625, "y": 651.566650390625 },
  "endTargetTri": 6619,
  "pathFrustration": 0,
  "state": 1,
  "intelligence": 1,
  "arrivalThresholdSq": 4,
  "arrivalDesiredSpeed": 1,
  "coordinate": { "x": 1352.7183480706024, "y": 1294.7695250339177 },
  "lastCoordinate": { "x": 1352.1366222696165, "y": 1298.0921406021114 },
  "velocity": { "x": 34.91751506517169, "y": -199.43670877513503 },
  "lastAppliedAccel": { "x": 368.5301998003572, "y": -337.91343837602665 },
  "debug_velocityDiff": { "x": 20.04555891982495, "y": -18.380213459946447 },
  "debug_desiredVelocity": { "x": 50.18885752078367, "y": -219.98652665449598 },
  "look": { "x": 0.22242981162770195, "y": -0.9749487057785476 },
  "isAlive": true,
  "lookSpeed": 50,
  "maxSpeed": 217.1472409516259,
  "accel": 500,
  "resistance": 0.9,
  "maxFrustration": 4,
  "debug": true,
  "stuckRating": 0.0808904658343095,
  "sightRating": 0,
  "predicamentRating": 0,
  "lastDistanceToNextCorner": 35.48997165469932,
  "minCorridorLength": 49,
  "lastEndTarget": { "x": 1354.85009765625, "y": 651.566650390625 },
  "lastNextCornerTri": 13244,
  "pathLog": [],
  "pathLogMaxLen": 200,
  "pathLogIdx": 0,
  "display": "character_blonde_green",
  "id": -1,
  "wallContact": false
}