{
    "corridor": [ 7, 8, 9, 10, 11, 12, 5529, 30, 31, 1007, 1008, 1023, 1022, 1021, 1024, 1025, 1026, 1027, 1028, 1029, 1030, 1031, 49, 50, 51, 53, 54, 55, 1209, 1208, 1207, 1206, 1210, 1211, 1212, 1312, 1313, 1315, 123, 122, 121, 120, 119, 118, 5512, 5513, 5514, 5515, 5516 ],
    "currentPoly": 7,
    "nextCorner": { "x": 260.5112660826955, "y": 969.3576870522277 },
    "nextCornerPoly": 1007,
    "nextCorner2": { "x": 459.3390662947073, "y": 931.5726809813566 },
    "nextCorner2Poly": 1024,
    "numValidCorners": 2,
    "preEscapeCorner": { "x": 0, "y": 0 },
    "preEscapeCornerPoly": -1,
    "lastValidPosition": { "x": 20.53132906401574, "y": 953.0275931945192 },
    "lastValidPoly": 7,
    "endTarget": { "x": 836.469970703125, "y": 612.2066650390625 },
    "endTargetPoly": 5516,
    "pathFrustration": 0,
    "state": 1,
    "intelligence": 1,
    "arrivalThresholdSq": 4,
    "arrivalDesiredSpeed": 1,
    "coordinate": { "x": 20.53132906401574, "y": 953.0275931945192 },
    "lastCoordinate": { "x": 20.462687990736704, "y": 953.0229542164167 },
    "velocity": { "x": 4.085778171370569, "y": 0.276129648960542 },
    "lastAppliedAccel": { "x": 498.84608367920663, "y": 33.949739290869424 },
    "debug_velocityDiff": { "x": 229.32474514097925, "y": 15.607049078264303 },
    "debug_desiredVelocity": { "x": 225.19105781616952, "y": 15.323714040212502 },
    "look": { "x": 0.9976927707516743, "y": 0.06789061194191072 },
    "lookSpeed": 0.1,
    "maxSpeed": 217.1472409516259,
    "accel": 500,
    "resistance": 0.9,
    "maxFrustration": 30,
    "debug": true,
    "stuckRating": 0,
    "lastDistanceToNextCorner": 1,
    "minCorridorLength": 1,
    "lastEndTarget": { "x": 0, "y": 0 },
    "lastNextCornerPoly": -1,
    "pathLog": [{ "x": 20.53132906401574, "y": 953.0275931945192 }],
    "pathLogMaxLen": 200,
    "pathLogIdx": 0,
    "pathLogCounter": 0,
    "sightRating": 0,
    "predicamentRating": 0,
    "debugLog": []
  }